,Fold-1,Fold-2,Fold-3,Fold-4,Fold-5
1o Cross Validation,0.5368478260869565,0.5315217391304348,0.5306521739130434,0.5353260869565217,0.5407608695652174
2o Cross Validation,0.5390217391304348,0.5360869565217391,0.5314130434782609,0.5341304347826087,0.5301086956521739
3o Cross Validation,0.5317391304347826,0.5381521739130435,0.5333695652173913,0.5322826086956521,0.5382608695652173
