,Partition-1,Partition-2,Partition-3,Partition-4,Partition-5
1o Cross Validation,0.5366843033509701,0.5334656084656084,0.5328924162257496,0.532010582010582,0.5288592971471405
2o Cross Validation,0.5357142857142857,0.5352292768959436,0.5310405643738977,0.5337742504409171,0.5313726354777547
3o Cross Validation,0.5369488536155202,0.533994708994709,0.5339065255731923,0.5315696649029983,0.5293884210062172
